-- phpMyAdmin SQL Dump
-- version 4.8.3
-- https://www.phpmyadmin.net/
--
-- Host: localhost:3306
-- Generation Time: Apr 16, 2019 at 06:21 PM
-- Server version: 5.7.25
-- PHP Version: 7.2.7

SET SQL_MODE = "NO_AUTO_VALUE_ON_ZERO";
SET AUTOCOMMIT = 0;
START TRANSACTION;
SET time_zone = "+00:00";


/*!40101 SET @OLD_CHARACTER_SET_CLIENT=@@CHARACTER_SET_CLIENT */;
/*!40101 SET @OLD_CHARACTER_SET_RESULTS=@@CHARACTER_SET_RESULTS */;
/*!40101 SET @OLD_COLLATION_CONNECTION=@@COLLATION_CONNECTION */;
/*!40101 SET NAMES utf8mb4 */;

--
-- Database: `daviruz_elearning`
--

-- --------------------------------------------------------

--
-- Table structure for table `activity_log`
--

CREATE TABLE `activity_log` (
  `activity_log_id` int(11) NOT NULL,
  `username` varchar(100) NOT NULL,
  `date` varchar(100) NOT NULL,
  `action` varchar(100) NOT NULL
) ENGINE=InnoDB DEFAULT CHARSET=latin1;

--
-- Dumping data for table `activity_log`
--

INSERT INTO `activity_log` (`activity_log_id`, `username`, `date`, `action`) VALUES
(1, 'Avinash', '2018-05-10 16:46:51', 'Edit User Preity'),
(2, 'Avinash', '2018-05-10 20:59:32', 'Add School Year 2018-2019'),
(3, 'Avinash', '2018-05-10 20:59:49', 'Add School Year 2019-2020'),
(4, '', '2018-05-10 21:13:27', 'Edit User Avinash'),
(5, '', '2018-05-10 21:13:34', 'Edit User Avinash');

-- --------------------------------------------------------

--
-- Table structure for table `answer`
--

CREATE TABLE `answer` (
  `answer_id` int(11) NOT NULL,
  `quiz_question_id` int(11) NOT NULL,
  `answer_text` varchar(100) NOT NULL,
  `choices` varchar(3) NOT NULL
) ENGINE=InnoDB DEFAULT CHARSET=latin1;

--
-- Dumping data for table `answer`
--

INSERT INTO `answer` (`answer_id`, `quiz_question_id`, `answer_text`, `choices`) VALUES
(101, 40, 'Mouse', 'A'),
(102, 40, 'Monitor', 'B'),
(103, 40, 'Keyboard', 'C'),
(104, 40, 'Scanner', 'D'),
(105, 42, 'Monitor', 'A'),
(106, 42, 'Keyboard', 'B'),
(107, 42, 'System Unit', 'C'),
(108, 42, 'Mouse', 'D');

-- --------------------------------------------------------

--
-- Table structure for table `assignment`
--

CREATE TABLE `assignment` (
  `assignment_id` int(11) NOT NULL,
  `floc` varchar(300) NOT NULL,
  `fdatein` varchar(100) NOT NULL,
  `fdesc` varchar(100) NOT NULL,
  `teacher_id` int(11) NOT NULL,
  `class_id` int(11) NOT NULL,
  `fname` varchar(100) NOT NULL
) ENGINE=InnoDB DEFAULT CHARSET=latin1;

--
-- Dumping data for table `assignment`
--

INSERT INTO `assignment` (`assignment_id`, `floc`, `fdatein`, `fdesc`, `teacher_id`, `class_id`, `fname`) VALUES
(35, 'admin/uploads/3413_File_vlcsnap-2018-05-07-02h43m47s791.png', '2018-05-10 22:38:50', 'All students are require to design school management system dashboard.', 23, 200, 'School Management System'),
(36, 'admin/uploads/5609_File_Desert.jpg', '2018-05-10 22:48:01', 'All student are require to develop a point of sales database with MS Access', 23, 200, 'Database'),
(37, 'admin/uploads/8319_File_1538487484_ecommerce (1).jpg', '2018-10-12 19:48:24', 'Design a login', 26, 205, 'PHP');

-- --------------------------------------------------------

--
-- Table structure for table `class`
--

CREATE TABLE `class` (
  `class_id` int(11) NOT NULL,
  `class_name` varchar(100) NOT NULL
) ENGINE=InnoDB DEFAULT CHARSET=latin1;

--
-- Dumping data for table `class`
--

INSERT INTO `class` (`class_id`, `class_name`) VALUES
(12, 'BSIS-3A'),
(13, 'BSIS-3B'),
(14, 'BSIS-3C'),
(15, 'BSIS-2A'),
(16, 'BSIS-2B'),
(17, 'BSIS-2C');

-- --------------------------------------------------------

--
-- Table structure for table `class_quiz`
--

CREATE TABLE `class_quiz` (
  `class_quiz_id` int(11) NOT NULL,
  `teacher_class_id` int(11) NOT NULL,
  `quiz_time` int(11) NOT NULL,
  `quiz_id` int(11) NOT NULL
) ENGINE=InnoDB DEFAULT CHARSET=latin1;

--
-- Dumping data for table `class_quiz`
--

INSERT INTO `class_quiz` (`class_quiz_id`, `teacher_class_id`, `quiz_time`, `quiz_id`) VALUES
(20, 200, 300, 8),
(21, 201, 300, 8);

-- --------------------------------------------------------

--
-- Table structure for table `class_subject_overview`
--

CREATE TABLE `class_subject_overview` (
  `class_subject_overview_id` int(11) NOT NULL,
  `teacher_class_id` int(11) NOT NULL,
  `content` varchar(10000) NOT NULL
) ENGINE=InnoDB DEFAULT CHARSET=latin1;

--
-- Dumping data for table `class_subject_overview`
--

INSERT INTO `class_subject_overview` (`class_subject_overview_id`, `teacher_class_id`, `content`) VALUES
(1, 167, '<p>Chapter&nbsp; 1</p>\r\n\r\n<p>Cha</p>\r\n'),
(2, 189, '<p>Good try</p>\r\n'),
(3, 198, '<p>Introduction</p>\r\n\r\n<p>About Subject</p>\r\n\r\n<p>Learning Materials</p>\r\n');

-- --------------------------------------------------------

--
-- Table structure for table `content`
--

CREATE TABLE `content` (
  `content_id` int(11) NOT NULL,
  `title` varchar(100) NOT NULL,
  `content` mediumtext NOT NULL
) ENGINE=InnoDB DEFAULT CHARSET=latin1;

--
-- Dumping data for table `content`
--

INSERT INTO `content` (`content_id`, `title`, `content`) VALUES
(1, 'Mission', '												<pre>\r\n<span style=\"font-size:16px\"><strong>Mission</strong></span></pre>\r\n\r\n<p style=\"text-align:left\"><span style=\"font-size:18px\">A leading institution in higher and continuing education commited to engage in quality instruction, development-oriented research sustinable lucrative economic enterprise, and responsive extension and training services through relevant academic programs to empower a human resource that responds effectively to challenges in life and acts as catalyst in the holistoic development of a humane society. </span></p>\r\n\r\n<p style=\"text-align:left\"> </p>\r\n												'),
(2, 'Vision', '<pre>\r\n<span style=\"font-size:large\"><strong>Vision</strong></span></pre>\r\n\r\n<p><span style=\"font-size:large\">Driven by its passion for continous improvement, the State College has to vigorously pursue distinction and proficieny in delivering its statutory functions to the Filipino people in the fields of education, business, agro-fishery, industrial, science and technology, through committed and competent human resource, guided by the beacon of innovation and productivity towards the heights of elevated status. </span><br />\r\n&nbsp;</p>\r\n'),
(3, 'History', '<pre>\r\n<span style=\"font-size:large\">HISTORY &nbsp;</span> </pre>\r\n\r\n<p style=\"text-align:justify\">&nbsp;&nbsp;&nbsp;&nbsp;&nbsp;&nbsp;&nbsp;&nbsp;&nbsp;&nbsp;&nbsp; Carlos Hilado Memorial State College, formerly Paglaum State College, is a public educational institution that aims to provide higher technological, professional and vocational instruction and training in science, agriculture and industrial fields as well as short term or vocational courses. It was Batas Pambansa Bilang 477 which integrated these three institutions of learning: the Negros Occidental College of Arts and Trades (NOCAT) in the Municipality of Talisay, Bacolod City National Trade School (BCNTS) in Alijis, Bacolod City, and the Negros Occidental Provincial Community College (NOPCC) in Bacolod City, into a tertiary state educational institution to be called Paglaum State College. Approved in 1983, the College Charter was implemented effective January 1, 1984, with Mr. Sulpicio P. Cartera as its President. The administrative seat of the first state college in Negros Occidental is located at the Talisay Campus which was originally established as Negros Occidental School of Arts and Trades (NOSAT) under R.A. 848, authored and sponsored by Hon. Carlos Hilado. It occupies a five-hectare land donated by the provincial government under Provincial Board Resolution No. 1163. The renaming of the college to Carlos Hilado Memorial State College was effected by virtue of House Bill No. 7707 authored by then Congressman Jose Carlos V. Lacson of the 3rd Congressional District, Province of Negros Occidental, and which finally became a law on May 5, 1994</p>\r\n\r\n<p style=\"text-align:justify\">&nbsp;</p>\r\n\r\n<p style=\"text-align:justify\">&nbsp;&nbsp;&nbsp; Talisay Campus. July 1, 1954 marked the formal opening of NOSAT with Mr. Francisco Apilado as its first Superintendent and Mr. Gil H. Tenefrancia as Principal. There were five (5) full time teachers, with an initial enrolment of eighty-nine (89) secondary and trade technical students. The shop courses were General Metal Works, Practical Electricity and Woodworking. The first classes were held temporarily at Talisay Elementary School while the shop buildings and classrooms were under construction. NOSAT was a recipient of FOA-PHILCUA aid in terms of technical books, equipment, tools and machinery. Alijis Campus. The Alijis Campus of the Carlos Hilado Memorial State College is situated in a 5-hectare lot located at Barangay Alijis, Bacolod City. The lot was a donation of the late Dr. Antonio Lizares. The school was formerly established as the Bacolod City National Trade School. The establishment of this trade technical institution is pursuant to R.A. 3886 in 1968, authored by the late Congressman Inocencio V. Ferrer of the second congressional district of the Province of Negros Occidental. Fortune Towne. The Fortune Towne Campus of the Carlos Hilado Memorial State College was originally situated in Negros Occidental High School (NOHS), Bacolod City on a lot owned by the Provincial Government under Provincial Board Resolution No. 91 series of 1970. The school was formerly established as the Negros Occidental Provincial Community College and formally opened on July 13, 1970 with the following course offerings: Bachelor of Arts, Technical Education and Bachelor of Commerce. The initial operation of the school started in July 13, 1970, with an initial enrolment of 209 students. Classes were first housed at the Negros Occidental High School while the first building was constructed. Then Governor Alfredo L. Montelibano spearheaded the first operation of the NOPCC along with the members of the Board of Trustees. In June 1995, the campus transferred to its new site in Fortune Towne, Bacolod City. Binalbagan Campus. On Nov. 24, 2000, the Negros Occidental School of Fisheries (NOSOF) in Binalbagan, Negros Occidental was integrated to the Carlos Hilado Memorial State College system as an external campus by virtue of Resolution No. 46 series of 2000.</p>\r\n'),
(4, 'Footer', '<p style=\"text-align:center\"><span style=\"color:#0000FF\">Da-viruz School Management System All Rights Reserved &reg;2017</span></p>\r\n'),
(5, 'Upcoming Events', '<pre>\r\nUP COMING EVENTS</pre>\r\n\r\n<p><strong>&gt;</strong> EXAM</p>\r\n\r\n<p><strong>&gt;</strong> INTERCAMPUS MEET</p>\r\n\r\n<p><strong>&gt;</strong> DEFENSE</p>\r\n\r\n<p><strong>&gt;</strong> ENROLLMENT</p>\r\n\r\n<p>&nbsp;</p>\r\n'),
(6, 'Title', 'Da-viruz School Management System\r\n												'),
(7, 'News', '<pre>\r\n<span style=\"font-size:medium\"><em><strong>Recent News\r\n</strong></em></span></pre>\r\n\r\n<h2><span style=\"font-size:small\">Extension and Community Services</span></h2>\r\n\r\n<p style=\"text-align:justify\">This technology package was promoted by the College of Industrial Technology Unit is an index to offer Practical Skills and Livelihood Training Program particularly to the Ina ngTahanan of Tayabas, Barangay Zone 15, Talisay City, Negros Occidental</p>\r\n\r\n<p style=\"text-align:justify\">The respondent of this technology package were mostly &ldquo;ina&rdquo; or mothers in PurokTayabas. There were twenty mothers who responded to the call of training and enhancing their sewing skills. The beginners projects include an apron, elastics waist skirts, pillow-cover and t-shirt style top. Short sleeve blouses with buttonholes or contoured seaming are also some of the many projects introduced to the mothers. Based on the interview conducted after the culmination activity, the projects done contributed as a means of earning to the respondents.</p>\r\n\r\n<p style=\"text-align:justify\">&nbsp; &nbsp; &nbsp; &nbsp; &nbsp; In support to the thrust of the government to improve the health status of neighboring barangays, the Faculty and Staff of CHMSC ECS Fortune Towne, Bacolod City, launched its Medical Mission in Patag, Silay City. It was conducted last March 2010, to address the health needs of the people. A medical consultation is given to the residents of SitioPatag to attend to their health related problems that may need medical treatment. Medical tablets for headache, flu, fever, antibiotics and others were availed by the residents.</p>\r\n\r\n<p style=\"text-align:justify\">&nbsp;</p>\r\n\r\n<p style=\"text-align:justify\">&nbsp;The BAYAN-ANIHAN is a Food Production Program with a battle cry of &ldquo;GOODBYE GUTOM&rdquo;, advocating its legacy &ldquo;Food on the Table for every Filipino Family&rdquo; through backyard gardening. NGO&rsquo;s, governmental organizations, private and public sectors, business sectors are the cooperating agencies that support and facilitate this project and Carlos Hilado Memorial State College (CHMSC) is one of the identified partner school. Being a member institution in advocating its thrust, the school through its Extension and Community Services had conducted capability training workshop along this program identifying two deputy coordinators and trainers last November 26,27 and 28, 2009, with the end in view of implementing the project all throughout the neighboring towns, provinces and regions to help address poverty in the country. Program beneficiaries were the selected families of GawadKalinga (GK) in Hope Village, Brgy. Cabatangan, Talisay City, with 120 families beneficiaries; GK FIAT Village in Silay City with 30 beneficiaries; Bonbon Dream Village brgy. E. Lopez, Silay City with 60 beneficiaries; and respectively Had. Teresita and Had. Carmen in Talisay City, Negros Occidental both with 60 member beneficiaries. This program was introduced to 30 household members with the end in view of alleviating the quality standards of their living.</p>\r\n\r\n<p style=\"text-align:justify\">&nbsp;</p>\r\n\r\n<p style=\"text-align:justify\">The extension &amp; Community Services of the College conducted a series of consultations and meetings with the different local government units to assess technology needs to determines potential products to be developed considering the abundance of raw materials in their respective areas and their product marketability. The project was released in November 2009 in six cities in the province of Negros Occidental, namely San Carlos, Sagay, Silay, Bago, Himamaylan and Sipalay and the Municipality of E. B Magalona</p>\r\n\r\n<p style=\"text-align:justify\">&nbsp; &nbsp; &nbsp; &nbsp; &nbsp; The City of San Carlos focused on peanut and fish processing. Sagay and bago focused on meat processing, while Silay City on fish processing. The City of Himamaylan is on sardines, and in Sipalay focused on fish processing specially on their famous BARONGAY product. The municipality of E.B Magalona focused on bangus deboning.</p>\r\n\r\n<p style=\"text-align:justify\">&nbsp;</p>\r\n\r\n<p style=\"text-align:justify\">&nbsp; &nbsp; &nbsp; &nbsp; &nbsp; The food technology instructors are tasked to provide the needed skills along with the TLDC Livelihood project that each City is embarking on while the local government units provide the training venue for the project and the training equipment and machine were provided by the Department of Science and Technology.</p>\r\n\r\n<p style=\"text-align:justify\">&nbsp;</p>\r\n'),
(8, 'Announcements', '<pre>\r\n<span style=\"font-size:medium\"><em><strong>Announcements</strong></em></span></pre>\r\n\r\n<p>Examination Period: October 9-11, 2013</p>\r\n\r\n<p>Semestrial Break: October 12- November 3, 2013</p>\r\n'),
(10, 'Calendar', '<pre style=\"text-align:center\">\r\n<span style=\"font-size:medium\"><strong>&nbsp;CALENDAR OF EVENT</strong></span></pre>\r\n\r\n<table align=\"center\" cellpadding=\"0\" cellspacing=\"0\" style=\"line-height:1.6em; margin-left:auto; margin-right:auto\">\r\n	<tbody>\r\n		<tr>\r\n			<td>\r\n			<p>First Semester &nbsp; &nbsp; &nbsp; &nbsp; &nbsp; &nbsp; &nbsp; &nbsp; &nbsp; &nbsp; &nbsp; &nbsp; &nbsp; &nbsp; &nbsp; &nbsp; &nbsp; &nbsp; &nbsp; &nbsp; &nbsp; &nbsp; &nbsp; &nbsp; &nbsp; &nbsp; &nbsp; &nbsp; &nbsp; &nbsp; &nbsp; &nbsp; &nbsp;</p>\r\n			</td>\r\n			<td>\r\n			<p>June 10, 2013 to October 11, 2013&nbsp;</p>\r\n			</td>\r\n		</tr>\r\n		<tr>\r\n			<td>\r\n			<p>Semestral Break</p>\r\n			</td>\r\n			<td>\r\n			<p>Oct. 12, 2013 to November 3, 2013</p>\r\n			</td>\r\n		</tr>\r\n		<tr>\r\n			<td>\r\n			<p>Second Semester</p>\r\n			</td>\r\n			<td>\r\n			<p>Nov. 5, 2013 to March 27, 2014</p>\r\n			</td>\r\n		</tr>\r\n		<tr>\r\n			<td>\r\n			<p>Summer Break</p>\r\n			</td>\r\n			<td>\r\n			<p>March 27, 2014 to April 8, 2014</p>\r\n			</td>\r\n		</tr>\r\n		<tr>\r\n			<td>\r\n			<p>Summer</p>\r\n			</td>\r\n			<td>\r\n			<p>April 8 , 2014 to May 24, 2014</p>\r\n			</td>\r\n		</tr>\r\n	</tbody>\r\n</table>\r\n\r\n<p style=\"text-align:center\">&nbsp;</p>\r\n\r\n<table cellpadding=\"0\" cellspacing=\"0\" style=\"line-height:1.6em; margin-left:auto; margin-right:auto\">\r\n	<tbody>\r\n		<tr>\r\n			<td colspan=\"4\">\r\n			<p><strong>June 5, 2013 to October 11, 2013 &ndash; First Semester AY 2013-2014</strong></p>\r\n			</td>\r\n		</tr>\r\n		<tr>\r\n			<td>\r\n			<p>June 4, 2013 &nbsp; &nbsp; &nbsp; &nbsp;</p>\r\n			</td>\r\n			<td>\r\n			<p>Orientation with the Parents of the College&nbsp;Freshmen</p>\r\n			</td>\r\n		</tr>\r\n		<tr>\r\n			<td>\r\n			<p>June 5</p>\r\n			</td>\r\n			<td>\r\n			<p>First Day of Service</p>\r\n			</td>\r\n		</tr>\r\n		<tr>\r\n			<td>\r\n			<p>June 5</p>\r\n			</td>\r\n			<td>\r\n			<p>College Personnel General Assembly</p>\r\n			</td>\r\n		</tr>\r\n		<tr>\r\n			<td>\r\n			<p>June 6,7</p>\r\n			</td>\r\n			<td>\r\n			<p>In-Service Training (Departmental)</p>\r\n			</td>\r\n		</tr>\r\n		<tr>\r\n			<td>\r\n			<p>June 10</p>\r\n			</td>\r\n			<td>\r\n			<p>First Day of Classes</p>\r\n			</td>\r\n		</tr>\r\n		<tr>\r\n			<td>\r\n			<p>June 14</p>\r\n			</td>\r\n			<td>\r\n			<p>Orientation with Students by College/Campus/Department</p>\r\n			</td>\r\n		</tr>\r\n		<tr>\r\n			<td>\r\n			<p>June 19,20,21</p>\r\n			</td>\r\n			<td>\r\n			<p>Branch/Campus Visit for Administrative / Academic/Accreditation/ Concerns</p>\r\n			</td>\r\n		</tr>\r\n		<tr>\r\n			<td rowspan=\"2\">\r\n			<p>June</p>\r\n			</td>\r\n			<td>\r\n			<p>Club Organizations (By Discipline/Programs)</p>\r\n			</td>\r\n		</tr>\r\n		<tr>\r\n			<td>\r\n			<p>Student Affiliation/Induction Programs</p>\r\n			</td>\r\n		</tr>\r\n		<tr>\r\n			<td>\r\n			<p>July</p>\r\n			</td>\r\n			<td>\r\n			<p>Nutrition Month (Sponsor: Laboratory School)</p>\r\n			</td>\r\n		</tr>\r\n		<tr>\r\n			<td>\r\n			<p>July 11, 12</p>\r\n			</td>\r\n			<td>\r\n			<p>Long Tests</p>\r\n			</td>\r\n		</tr>\r\n		<tr>\r\n			<td>\r\n			<p>August&nbsp; 8, 9</p>\r\n			</td>\r\n			<td>\r\n			<p>Midterm Examinations</p>\r\n			</td>\r\n		</tr>\r\n		<tr>\r\n			<td>\r\n			<p>August 19</p>\r\n			</td>\r\n			<td>\r\n			<p>ArawngLahi</p>\r\n			</td>\r\n		</tr>\r\n		<tr>\r\n			<td>\r\n			<p>August 23</p>\r\n			</td>\r\n			<td>\r\n			<p>Submission of Grade Sheets for Midterm</p>\r\n			</td>\r\n		</tr>\r\n		<tr>\r\n			<td>\r\n			<p>August</p>\r\n			</td>\r\n			<td>\r\n			<p>Recognition Program (Dean&rsquo;s List)</p>\r\n			</td>\r\n		</tr>\r\n		<tr>\r\n			<td>\r\n			<p>August 26</p>\r\n			</td>\r\n			<td>\r\n			<p>National Heroes Day (Regular Holiday)</p>\r\n			</td>\r\n		</tr>\r\n		<tr>\r\n			<td>\r\n			<p>August 28, 29, 30</p>\r\n			</td>\r\n			<td>\r\n			<p>Sports and Cultural Meet</p>\r\n			</td>\r\n		</tr>\r\n		<tr>\r\n			<td>\r\n			<p>September 19,20</p>\r\n			</td>\r\n			<td>\r\n			<p>Long Tests</p>\r\n			</td>\r\n		</tr>\r\n		<tr>\r\n			<td>\r\n			<p>October 5</p>\r\n			</td>\r\n			<td>\r\n			<p>Teachers&rsquo; Day / World Teachers&rsquo; Day</p>\r\n			</td>\r\n		</tr>\r\n		<tr>\r\n			<td>\r\n			<p>October 10, 11</p>\r\n			</td>\r\n			<td>\r\n			<p>Final Examination</p>\r\n			</td>\r\n		</tr>\r\n		<tr>\r\n			<td>\r\n			<p>October 12</p>\r\n			</td>\r\n			<td>\r\n			<p>Semestral Break</p>\r\n			</td>\r\n		</tr>\r\n	</tbody>\r\n</table>\r\n\r\n<p style=\"text-align:center\">&nbsp;</p>\r\n\r\n<table cellpadding=\"0\" cellspacing=\"0\" style=\"margin-left:auto; margin-right:auto\">\r\n	<tbody>\r\n		<tr>\r\n			<td colspan=\"4\">\r\n			<p><strong>Nov. 4, 2013 to March 27, 2014 &ndash; Second Semester AY 2013-2014</strong></p>\r\n			</td>\r\n		</tr>\r\n		<tr>\r\n			<td>\r\n			<p>November 4 &nbsp; &nbsp; &nbsp; &nbsp; &nbsp; &nbsp; &nbsp; &nbsp; &nbsp; &nbsp; &nbsp; &nbsp; &nbsp; &nbsp; &nbsp; &nbsp; &nbsp; &nbsp; &nbsp; &nbsp; &nbsp; &nbsp; &nbsp;</p>\r\n			</td>\r\n			<td>\r\n			<p>Start of Classes</p>\r\n			</td>\r\n		</tr>\r\n		<tr>\r\n			<td>\r\n			<p>November 19, 20, 21, 22</p>\r\n			</td>\r\n			<td>\r\n			<p>Intercampus Sports and Cultural Fest/College Week</p>\r\n			</td>\r\n		</tr>\r\n		<tr>\r\n			<td>\r\n			<p>December 5, 6</p>\r\n			</td>\r\n			<td>\r\n			<p>Long Tests</p>\r\n			</td>\r\n		</tr>\r\n		<tr>\r\n			<td>\r\n			<p>December 19,20</p>\r\n			</td>\r\n			<td>\r\n			<p>Thanksgiving Celebrations</p>\r\n			</td>\r\n		</tr>\r\n		<tr>\r\n			<td>\r\n			<p>December 21</p>\r\n			</td>\r\n			<td>\r\n			<p>Start of Christmas Vacation</p>\r\n			</td>\r\n		</tr>\r\n		<tr>\r\n			<td>\r\n			<p>December 25</p>\r\n			</td>\r\n			<td>\r\n			<p>Christmas Day (Regular Holiday)</p>\r\n			</td>\r\n		</tr>\r\n		<tr>\r\n			<td>\r\n			<p>December 30</p>\r\n			</td>\r\n			<td>\r\n			<p>Rizal Day (Regular Holiday)</p>\r\n			</td>\r\n		</tr>\r\n		<tr>\r\n			<td>\r\n			<p>January 6, 2014</p>\r\n			</td>\r\n			<td>\r\n			<p>Classes Resume</p>\r\n			</td>\r\n		</tr>\r\n		<tr>\r\n			<td>\r\n			<p>January 9, 10</p>\r\n			</td>\r\n			<td>\r\n			<p>Midterm Examinations</p>\r\n			</td>\r\n		</tr>\r\n		<tr>\r\n			<td>\r\n			<p>January 29</p>\r\n			</td>\r\n			<td>\r\n			<p>Submission of Grades Sheets for Midterm</p>\r\n			</td>\r\n		</tr>\r\n		<tr>\r\n			<td>\r\n			<p>February 13, 14</p>\r\n			</td>\r\n			<td>\r\n			<p>Long Tests</p>\r\n			</td>\r\n		</tr>\r\n		<tr>\r\n			<td>\r\n			<p>March 6, 7</p>\r\n			</td>\r\n			<td>\r\n			<p>Final Examinations (Graduating)</p>\r\n			</td>\r\n		</tr>\r\n		<tr>\r\n			<td>\r\n			<p>March 13, 14</p>\r\n			</td>\r\n			<td>\r\n			<p>Final Examinations (Non-Graduating)</p>\r\n			</td>\r\n		</tr>\r\n		<tr>\r\n			<td>\r\n			<p>March 17, 18, 19, 20, 21</p>\r\n			</td>\r\n			<td>\r\n			<p>Recognition / Graduation Rites</p>\r\n			</td>\r\n		</tr>\r\n		<tr>\r\n			<td>\r\n			<p>March 27</p>\r\n			</td>\r\n			<td>\r\n			<p>Last Day of Service for Faculty</p>\r\n			</td>\r\n		</tr>\r\n		<tr>\r\n			<td>\r\n			<p>June 5, 2014</p>\r\n			</td>\r\n			<td>\r\n			<p>First Day of Service for SY 2014-2015</p>\r\n			</td>\r\n		</tr>\r\n	</tbody>\r\n</table>\r\n\r\n<p style=\"text-align:center\">&nbsp;</p>\r\n\r\n<table border=\"1\" cellpadding=\"0\" cellspacing=\"0\" style=\"margin-left:auto; margin-right:auto\">\r\n	<tbody>\r\n		<tr>\r\n			<td colspan=\"2\">\r\n			<p><strong>FLAG RAISING CEREMONY-TALISAY CAMPUS</strong></p>\r\n			</td>\r\n		</tr>\r\n		<tr>\r\n			<td>\r\n			<p>MONTHS &nbsp; &nbsp; &nbsp; &nbsp; &nbsp; &nbsp; &nbsp; &nbsp; &nbsp; &nbsp; &nbsp; &nbsp; &nbsp; &nbsp; &nbsp; &nbsp; &nbsp; &nbsp; &nbsp; &nbsp; &nbsp; &nbsp; &nbsp; &nbsp; &nbsp; &nbsp; &nbsp; &nbsp; &nbsp; &nbsp; &nbsp; &nbsp; &nbsp; &nbsp; &nbsp; &nbsp; &nbsp; &nbsp; &nbsp; &nbsp; &nbsp; &nbsp; &nbsp; &nbsp; &nbsp; &nbsp; &nbsp; &nbsp; &nbsp; &nbsp;&nbsp;</p>\r\n			</td>\r\n			<td>\r\n			<p>UNIT-IN-CHARGE</p>\r\n			</td>\r\n		</tr>\r\n		<tr>\r\n			<td>\r\n			<p>June, Sept. and Dec. 2013, March 2014</p>\r\n			</td>\r\n			<td>\r\n			<p>COE</p>\r\n			</td>\r\n		</tr>\r\n		<tr>\r\n			<td>\r\n			<p>July and October 2013, Jan. 2014</p>\r\n			</td>\r\n			<td>\r\n			<p>SAS</p>\r\n			</td>\r\n		</tr>\r\n		<tr>\r\n			<td>\r\n			<p>August and November 2013, Feb. 2014</p>\r\n\r\n			<p>April and May 2014</p>\r\n			</td>\r\n			<td>\r\n			<p>CIT</p>\r\n\r\n			<p>GASS</p>\r\n			</td>\r\n		</tr>\r\n	</tbody>\r\n</table>\r\n'),
(11, 'Directories', '<div class=\"jsn-article-content\" style=\"text-align: left;\">\r\n<pre>\r\n<span style=\"font-size:medium\"><em><strong>DIRECTORIES</strong></em></span></pre>\r\n\r\n<ul>\r\n	<li>Lab School - 712-0848</li>\r\n	<li>Accounting - 495-5560</li>\r\n	<li>Presidents Office - 495-4064(telefax)</li>\r\n	<li>VPA/PME - 495-1635</li>\r\n	<li>Registrar Office - 495-4657(telefax)</li>\r\n	<li>Cashier - 712-7272</li>\r\n	<li>CIT - 712-0670</li>\r\n	<li>SAS/COE - 495-6017</li>\r\n	<li>BAC - 712-8404(telefax)</li>\r\n	<li>Records - 495-3470</li>\r\n	<li>Supply - 495-3767</li>\r\n	<li>Internet Lab - 712-6144/712-6459</li>\r\n	<li>COA - 495-5748</li>\r\n	<li>Guard House - 476-1600</li>\r\n	<li>HRM - 495-4996</li>\r\n	<li>Extension - 457-2819</li>\r\n	<li>Canteen - 495-5396</li>\r\n	<li>Research - 712-8464</li>\r\n	<li>Library - 495-5143</li>\r\n	<li>OSA - 495-1152</li>\r\n</ul>\r\n</div>\r\n'),
(12, 'president', '<p>It is my great pleasure and privilege to welcome you to Da-virus Systems official website. Accept my deep appreciation for continuously taking interest in Da-viruz Systems and its programs and activities.<br />\r\nRecently, the challenges of the knowledge era of the 21st Century led me to think very deeply how educational institutions of higher learning must vigorously pursue relevant e<img alt=\"\" src=\"images/president.jpg\" style=\"float:left\" />ducation to compete with and respond to the challenges of globalization. As an international fellow, I realized that in the face of this globalization and technological advancement, educational institutions are compelled to work extraordinary in educating the youths and enhancing their potentials for gainful employment and realization of their dreams to become effective citizens.<br />\r\n<br />\r\nHonored and humbled to be given the opportunity for stewardship of this good College, I am fully aware that the goal is to make Da-viruz Systems&nbsp;as the center of excellence or development in various fields. The vision, Da-viruz Systems excels: Excellence, Competence and Educational Leadership in Science and Technology is a profound battle cry for each member of Da-viruz Systems Community. A student must be technologically and academically competent, socially mature, safety conscious with care for the environment, a good citizen and possesses high moral values. The way the College is being managed, the internal and the external culture of all stockholders, and the efforts for quality and excellence will result to the establishment of the good corporate image of the College. The hallmark is reflected as the image of the good institution.<br />\r\n<br />\r\nThe tasks at hand call for our full cooperation, support and active participation. Therefore, I urge everyone to help me in the crusade to<br />\r\n&nbsp;</p>\r\n\r\n<p style=\"text-align:justify\">Provide wider access to Da-viruz Systems programs;</p>\r\n\r\n<p style=\"text-align:justify\">&nbsp; &nbsp; &nbsp; &nbsp; &nbsp; &nbsp; &nbsp; &nbsp;* Harness the potentials of students thru effective teaching and learning methodologies and techniques;</p>\r\n\r\n<p style=\"text-align:justify\">&nbsp; &nbsp; &nbsp; &nbsp; &nbsp; &nbsp; &nbsp; &nbsp;* Enable Da-viruz Systems Environment for All through secure green campus;</p>\r\n\r\n<p style=\"text-align:justify\">&nbsp; &nbsp; &nbsp; &nbsp; &nbsp; &nbsp; &nbsp; &nbsp;* Advocate green movement, protect intellectual property and stimulate innovation;</p>\r\n\r\n<p style=\"text-align:justify\">&nbsp; &nbsp; &nbsp; &nbsp; &nbsp; &nbsp; &nbsp; &nbsp;* Promote lifelong learning;</p>\r\n\r\n<p style=\"text-align:justify\">&nbsp; &nbsp; &nbsp; &nbsp; &nbsp; &nbsp; &nbsp; &nbsp;* Conduct Research and Development for community and poverty alleviation;</p>\r\n\r\n<p style=\"text-align:justify\">&nbsp; &nbsp; &nbsp; &nbsp; &nbsp; &nbsp; &nbsp; &nbsp;* Share and disseminate knowledge through publication and extension outreach to communities; and</p>\r\n\r\n<p style=\"text-align:justify\">&nbsp; &nbsp; &nbsp; &nbsp; &nbsp; &nbsp; &nbsp; &nbsp;*Strengthen Institute-industry linkages and public-private partnership for mutual interest.</p>\r\n\r\n<p style=\"text-align:justify\"><br />\r\nTogether, WE can make Da-viruz Systems</p>\r\n\r\n<p style=\"text-align:justify\"><br />\r\n&nbsp; &nbsp; &nbsp; &nbsp; &nbsp; &nbsp; &nbsp; &nbsp;*A model green institution for Human Resources Development, a builder of human resources in the knowledge era of the 21st Century;</p>\r\n\r\n<p style=\"text-align:justify\">&nbsp; &nbsp; &nbsp; &nbsp; &nbsp; &nbsp; &nbsp; *A center for curricular innovations and research especially in education, technology, engineering, ICT and entrepreneurship; and</p>\r\n\r\n<p style=\"text-align:justify\">&nbsp; &nbsp; &nbsp; &nbsp; &nbsp; &nbsp; &nbsp; *A Provider of quality graduates in professional and technological programs for industry and community.</p>\r\n\r\n<p style=\"text-align:justify\"><br />\r\n<br />\r\nDear readers and guests, these are the challenges for every student to hurdle and the dreams to realize. This website will be one of the connections with you as we ardently take each step. Feel free to visit often and be kept posted as we continue to work for discoveries and advancement that will bring benefits to the lives of the students, the community, and the world, as a whole.<br />\r\n<br />\r\nWarmest welcome and I wish you well!</p>\r\n\r\n<p style=\"text-align:justify\"><br />\r\n&nbsp;</p>\r\n\r\n<p style=\"text-align:justify\">Uriah Avinash, Ph.D.<br />\r\nSUC President II</p>\r\n'),
(13, 'motto', '<p><strong><span style=\"font-family:arial,helvetica,sans-serif\">Excellence, Competence and Educational</span></strong></p>\r\n\r\n<p><strong><span style=\"font-family:arial,helvetica,sans-serif\">Leadership in Science and Technology</span></strong></p>\r\n'),
(14, 'Campuses', '<pre>\r\n<span style=\"font-size:16px\"><strong>Campuses</strong></span></pre>\r\n\r\n<ul>\r\n	<li>Alijis Campus</li>\r\n	<li>Binalbagan Campus</li>\r\n	<li>Fortunetown Campus</li>\r\n	<li>Talisay Campus<br />\r\n	&nbsp;</li>\r\n</ul>\r\n');

-- --------------------------------------------------------

--
-- Table structure for table `department`
--

CREATE TABLE `department` (
  `department_id` int(11) NOT NULL,
  `department_name` varchar(100) NOT NULL,
  `dean` varchar(100) NOT NULL
) ENGINE=InnoDB DEFAULT CHARSET=latin1;

--
-- Dumping data for table `department`
--

INSERT INTO `department` (`department_id`, `department_name`, `dean`) VALUES
(4, 'College of Industrial Technology', 'Azongo'),
(5, 'School of Arts and Science', 'DR.'),
(9, 'College of Education', 'Adongo');

-- --------------------------------------------------------

--
-- Table structure for table `developers`
--

CREATE TABLE `developers` (
  `id` int(11) NOT NULL,
  `name` varchar(50) NOT NULL,
  `wname` varchar(25) NOT NULL,
  `phone` varchar(15) NOT NULL,
  `email` varchar(50) NOT NULL,
  `position` varchar(150) NOT NULL
) ENGINE=InnoDB DEFAULT CHARSET=latin1;

--
-- Dumping data for table `developers`
--

INSERT INTO `developers` (`id`, `name`, `wname`, `phone`, `email`, `position`) VALUES
(1, 'Atampugbire Uriah Aduko', 'Uriah', '0240315181', 'uriahavinash@gmail.com', 'Programmer'),
(2, 'Uriah Avinash', 'Avinash', '0209022645', 'tina@gmail.com', 'C.E.O');

-- --------------------------------------------------------

--
-- Table structure for table `dvs`
--

CREATE TABLE `dvs` (
  `designed` varchar(255) DEFAULT NULL
) ENGINE=InnoDB DEFAULT CHARSET=latin1;

--
-- Dumping data for table `dvs`
--

INSERT INTO `dvs` (`designed`) VALUES
('Designed By Da-viruz Systems');

-- --------------------------------------------------------

--
-- Table structure for table `event`
--

CREATE TABLE `event` (
  `event_id` int(11) NOT NULL,
  `event_title` varchar(100) NOT NULL,
  `teacher_class_id` int(11) NOT NULL,
  `date_start` varchar(100) NOT NULL,
  `date_end` varchar(100) NOT NULL
) ENGINE=InnoDB DEFAULT CHARSET=latin1;

--
-- Dumping data for table `event`
--

INSERT INTO `event` (`event_id`, `event_title`, `teacher_class_id`, `date_start`, `date_end`) VALUES
(21, 'Class at 12:00am', 200, '05/10/2018', '05/10/2018');

-- --------------------------------------------------------

--
-- Table structure for table `files`
--

CREATE TABLE `files` (
  `file_id` int(11) NOT NULL,
  `floc` varchar(500) NOT NULL,
  `fdatein` varchar(200) NOT NULL,
  `fdesc` varchar(100) NOT NULL,
  `teacher_id` int(11) NOT NULL,
  `class_id` int(11) NOT NULL,
  `fname` varchar(100) NOT NULL,
  `uploaded_by` varchar(100) NOT NULL
) ENGINE=MyISAM DEFAULT CHARSET=latin1;

--
-- Dumping data for table `files`
--

INSERT INTO `files` (`file_id`, `floc`, `fdatein`, `fdesc`, `teacher_id`, `class_id`, `fname`, `uploaded_by`) VALUES
(159, 'admin/uploads/7003_File_vlcsnap-2018-05-07-02h43m58s566.png', '2018-05-10 23:28:13', 'Please check out my school management system dashboard and leave your comments', 0, 200, 'SMS', 'Tina Atamps'),
(158, 'admin/uploads/4284_File_Tulips.jpg', '2018-05-10 22:46:05', 'Note for first semiter', 23, 201, 'Note', 'Salman Khan');

-- --------------------------------------------------------

--
-- Table structure for table `message`
--

CREATE TABLE `message` (
  `message_id` int(11) NOT NULL,
  `reciever_id` int(11) NOT NULL,
  `content` varchar(200) NOT NULL,
  `date_sended` varchar(100) NOT NULL,
  `sender_id` int(11) NOT NULL,
  `reciever_name` varchar(50) NOT NULL,
  `sender_name` varchar(200) NOT NULL,
  `message_status` varchar(100) NOT NULL
) ENGINE=InnoDB DEFAULT CHARSET=latin1;

--
-- Dumping data for table `message`
--

INSERT INTO `message` (`message_id`, `reciever_id`, `content`, `date_sended`, `sender_id`, `reciever_name`, `sender_name`, `message_status`) VALUES
(31, 22, 'Preity can we met for drink..', '2018-05-10 22:49:33', 23, 'Preity Zinta', 'Salman Khan', ''),
(32, 26, 'Preity can we met for drink.. ', '2018-05-10 22:54:13', 23, 'Preity Zinta', 'Salman Khan', ''),
(33, 23, 'Thanks Salman', '2018-05-10 22:55:01', 26, 'Salman Khan', 'Preity Zinta', '');

-- --------------------------------------------------------

--
-- Table structure for table `message_sent`
--

CREATE TABLE `message_sent` (
  `message_sent_id` int(11) NOT NULL,
  `reciever_id` int(11) NOT NULL,
  `content` varchar(200) NOT NULL,
  `date_sended` varchar(100) NOT NULL,
  `sender_id` int(11) NOT NULL,
  `reciever_name` varchar(100) NOT NULL,
  `sender_name` varchar(100) NOT NULL
) ENGINE=InnoDB DEFAULT CHARSET=latin1;

--
-- Dumping data for table `message_sent`
--

INSERT INTO `message_sent` (`message_sent_id`, `reciever_id`, `content`, `date_sended`, `sender_id`, `reciever_name`, `sender_name`) VALUES
(17, 26, 'Preity can we met for drink.. ', '2018-05-10 22:54:13', 23, 'Preity Zinta', 'Salman Khan'),
(18, 23, 'Thanks Salman', '2018-05-10 22:55:01', 26, 'Salman Khan', 'Preity Zinta');

-- --------------------------------------------------------

--
-- Table structure for table `notification`
--

CREATE TABLE `notification` (
  `notification_id` int(11) NOT NULL,
  `teacher_class_id` int(11) NOT NULL,
  `notification` varchar(100) NOT NULL,
  `date_of_notification` varchar(50) NOT NULL,
  `link` varchar(100) NOT NULL
) ENGINE=InnoDB DEFAULT CHARSET=latin1;

--
-- Dumping data for table `notification`
--

INSERT INTO `notification` (`notification_id`, `teacher_class_id`, `notification`, `date_of_notification`, `link`) VALUES
(42, 200, 'Add Assignment file name <b>School Management System</b>', '2018-05-10 22:38:50', 'assignment_student.php'),
(43, 200, 'Add Annoucements', '2018-05-10 22:39:54', 'announcements_student.php'),
(44, 200, 'Add Practice Quiz file', '2018-05-10 22:45:05', 'student_quiz_list.php'),
(45, 201, 'Add Practice Quiz file', '2018-05-10 22:45:06', 'student_quiz_list.php'),
(46, 23, 'Add Downloadable Materials file name <b>Note</b>', '2018-05-10 22:46:05', 'downloadable_student.php'),
(47, 200, 'Add Assignment file name <b>Database</b>', '2018-05-10 22:48:01', 'assignment_student.php'),
(48, 205, 'Add Assignment file name <b>PHP</b>', '2018-10-12 19:48:24', 'assignment_student.php');

-- --------------------------------------------------------

--
-- Table structure for table `notification_read`
--

CREATE TABLE `notification_read` (
  `notification_read_id` int(11) NOT NULL,
  `student_id` int(11) NOT NULL,
  `student_read` varchar(50) NOT NULL,
  `notification_id` int(11) NOT NULL
) ENGINE=InnoDB DEFAULT CHARSET=latin1;

-- --------------------------------------------------------

--
-- Table structure for table `notification_read_teacher`
--

CREATE TABLE `notification_read_teacher` (
  `notification_read_teacher_id` int(11) NOT NULL,
  `teacher_id` int(11) NOT NULL,
  `student_read` varchar(100) NOT NULL,
  `notification_id` int(11) NOT NULL
) ENGINE=InnoDB DEFAULT CHARSET=latin1;

-- --------------------------------------------------------

--
-- Table structure for table `question_type`
--

CREATE TABLE `question_type` (
  `question_type_id` int(11) NOT NULL,
  `question_type` varchar(150) NOT NULL
) ENGINE=MyISAM DEFAULT CHARSET=latin1;

--
-- Dumping data for table `question_type`
--

INSERT INTO `question_type` (`question_type_id`, `question_type`) VALUES
(1, 'Multiple Choice'),
(2, 'True or False');

-- --------------------------------------------------------

--
-- Table structure for table `quiz`
--

CREATE TABLE `quiz` (
  `quiz_id` int(11) NOT NULL,
  `quiz_title` varchar(50) NOT NULL,
  `quiz_description` varchar(100) NOT NULL,
  `date_added` varchar(100) NOT NULL,
  `teacher_id` int(11) NOT NULL
) ENGINE=InnoDB DEFAULT CHARSET=latin1;

--
-- Dumping data for table `quiz`
--

INSERT INTO `quiz` (`quiz_id`, `quiz_title`, `quiz_description`, `date_added`, `teacher_id`) VALUES
(8, 'End of first semiter ', 'Testing ', '2018-05-10 22:41:41', 23);

-- --------------------------------------------------------

--
-- Table structure for table `quiz_question`
--

CREATE TABLE `quiz_question` (
  `quiz_question_id` int(11) NOT NULL,
  `quiz_id` int(11) NOT NULL,
  `question_text` varchar(100) NOT NULL,
  `question_type_id` int(11) NOT NULL,
  `points` int(11) NOT NULL,
  `date_added` varchar(100) NOT NULL,
  `answer` varchar(100) NOT NULL
) ENGINE=InnoDB DEFAULT CHARSET=latin1;

--
-- Dumping data for table `quiz_question`
--

INSERT INTO `quiz_question` (`quiz_question_id`, `quiz_id`, `question_text`, `question_type_id`, `points`, `date_added`, `answer`) VALUES
(40, 8, '<p>All the following are input device except?<br />\r\n&nbsp;</p>\r\n', 1, 0, '2018-05-10 22:42:59', 'B'),
(41, 8, '<p>A computer is an electronic device.</p>\r\n', 2, 0, '2018-05-10 22:43:37', 'True'),
(42, 8, '<p>........ is a hand-held device.</p>\r\n', 1, 0, '2018-05-10 22:44:39', 'D');

-- --------------------------------------------------------

--
-- Table structure for table `school_year`
--

CREATE TABLE `school_year` (
  `school_year_id` int(11) NOT NULL,
  `school_year` varchar(100) NOT NULL
) ENGINE=InnoDB DEFAULT CHARSET=latin1;

--
-- Dumping data for table `school_year`
--

INSERT INTO `school_year` (`school_year_id`, `school_year`) VALUES
(4, '2016-2017'),
(5, '2017-2018'),
(6, '2018-2019'),
(7, '2019-2020');

-- --------------------------------------------------------

--
-- Table structure for table `student`
--

CREATE TABLE `student` (
  `student_id` int(11) NOT NULL,
  `firstname` varchar(100) NOT NULL,
  `lastname` varchar(100) NOT NULL,
  `class_id` int(11) NOT NULL,
  `username` varchar(100) NOT NULL,
  `password` varchar(100) NOT NULL,
  `location` varchar(100) NOT NULL,
  `status` varchar(100) NOT NULL
) ENGINE=MyISAM DEFAULT CHARSET=latin1;

--
-- Dumping data for table `student`
--

INSERT INTO `student` (`student_id`, `firstname`, `lastname`, `class_id`, `username`, `password`, `location`, `status`) VALUES
(225, 'Adongo', 'Joyce', 16, 'DA005', '123456', 'uploads/priyanka-wheatish-face-732127.jpg', 'Registered'),
(222, 'Ayilla', 'Peace', 15, 'DA002', '123456', 'uploads/Ayilla - Zolko.jpg', 'Registered'),
(223, 'Jay', 'Clarks', 16, 'DA003', '123456', 'uploads/IMG_20171231_131222_983 - Copy.jpg', 'Registered'),
(224, 'Azara', 'Pato', 17, 'DA004', '123456', 'uploads/Avinash.jpg', 'Registered'),
(221, 'Tina', 'Atamps', 15, 'DA001', '123456', 'uploads/preity_zinta-3.jpg', 'Registered');

-- --------------------------------------------------------

--
-- Table structure for table `student_assignment`
--

CREATE TABLE `student_assignment` (
  `student_assignment_id` int(11) NOT NULL,
  `assignment_id` int(11) NOT NULL,
  `floc` varchar(100) NOT NULL,
  `assignment_fdatein` varchar(50) NOT NULL,
  `fdesc` varchar(100) NOT NULL,
  `fname` varchar(50) NOT NULL,
  `student_id` int(11) NOT NULL,
  `grade` varchar(5) NOT NULL
) ENGINE=InnoDB DEFAULT CHARSET=latin1;

--
-- Dumping data for table `student_assignment`
--

INSERT INTO `student_assignment` (`student_assignment_id`, `assignment_id`, `floc`, `assignment_fdatein`, `fdesc`, `fname`, `student_id`, `grade`) VALUES
(39, 36, 'admin/uploads/4333_File_Desert.jpg', '2018-05-10 23:23:19', 'Database assignment complete', 'Database', 221, '85'),
(40, 37, 'admin/uploads/7430_File_Capture.PNG', '2018-10-12 19:49:44', 'aklsfjsajfld', 'PHP Assig', 221, '65');

-- --------------------------------------------------------

--
-- Table structure for table `student_backpack`
--

CREATE TABLE `student_backpack` (
  `file_id` int(11) NOT NULL,
  `floc` varchar(100) NOT NULL,
  `fdatein` varchar(100) NOT NULL,
  `fdesc` varchar(100) NOT NULL,
  `student_id` int(11) NOT NULL,
  `fname` varchar(100) NOT NULL
) ENGINE=InnoDB DEFAULT CHARSET=latin1;

--
-- Dumping data for table `student_backpack`
--

INSERT INTO `student_backpack` (`file_id`, `floc`, `fdatein`, `fdesc`, `student_id`, `fname`) VALUES
(6, 'admin/uploads/7003_File_vlcsnap-2018-05-07-02h43m58s566.png', '2018-05-10 23:28:33', 'Please check out my school management system dashboard and leave your comments', 221, 'SMS');

-- --------------------------------------------------------

--
-- Table structure for table `student_class_quiz`
--

CREATE TABLE `student_class_quiz` (
  `student_class_quiz_id` int(11) NOT NULL,
  `class_quiz_id` int(11) NOT NULL,
  `student_id` int(11) NOT NULL,
  `student_quiz_time` varchar(100) NOT NULL,
  `grade` varchar(100) NOT NULL
) ENGINE=InnoDB DEFAULT CHARSET=latin1;

--
-- Dumping data for table `student_class_quiz`
--

INSERT INTO `student_class_quiz` (`student_class_quiz_id`, `class_quiz_id`, `student_id`, `student_quiz_time`, `grade`) VALUES
(7, 20, 221, '3600', '3 out of 3'),
(8, 21, 221, '3600', '0 out of 3');

-- --------------------------------------------------------

--
-- Table structure for table `subject`
--

CREATE TABLE `subject` (
  `subject_id` int(11) NOT NULL,
  `subject_code` varchar(100) NOT NULL,
  `subject_title` varchar(100) NOT NULL,
  `category` varchar(100) NOT NULL,
  `description` longtext NOT NULL,
  `unit` int(11) NOT NULL,
  `Pre_req` varchar(100) NOT NULL,
  `semester` varchar(100) NOT NULL
) ENGINE=MyISAM DEFAULT CHARSET=latin1;

--
-- Dumping data for table `subject`
--

INSERT INTO `subject` (`subject_id`, `subject_code`, `subject_title`, `category`, `description`, `unit`, `Pre_req`, `semester`) VALUES
(14, 'IS 411A', 'Senior Systems Project 1', '', '<p><span style=\"font-size:medium\"><em>About the Subject</em></span></p>\r\n\r\n<p>This subject comprisea topics about systems development, SDLC methodologies, Conceptual Framework, diagrams such as DFD, ERD and Flowchart and writing a thesis proposal.</p>\r\n\r\n<p>&nbsp;</p>\r\n\r\n<p>The project requirement for this subject are:</p>\r\n\r\n<p>Chapters (1-5) Thesis Proposal</p>\r\n\r\n<p>100% Running System at the end of semester</p>\r\n\r\n<p>&nbsp;</p>\r\n', 3, '', ''),
(15, 'IS 412', 'Effective Human Communication for IT Professional', '', '<p><span style=\"font-size: medium;\"><em>About the Subject</em></span></p>\r\n<p>This subject is intended for IT students to develop or enhance communication skills that will be beneficial especially when used in the business industry. The lesson includes Verbal Communication (Written and Oral), Non-verbal Communication, etc.</p>', 3, '', ''),
(16, 'IS 311', 'Programming Languages', '', '<pre class=\"coursera-course-heading\" data-msg=\"coursera-course-about\"><span style=\"font-size: medium;\"><em>About the Subject</em></span></pre>\r\n<div class=\"coursera-course-detail\" data-user-generated=\"data-user-generated\">Learn many of the concepts that underlie all programming languages. Develop a programming style known as functional programming and contrast it with object-oriented programming. Through experience writing programs and studying three different languages, learn the key issues in designing and using programming languages, such as modularity and the complementary benefits of static and dynamic typing. This course is neither particularly theoretical nor just about programming specifics &ndash; it will give you a framework for understanding how to use language constructs effectively and how to design correct and elegant programs. By using different languages, you learn to think more deeply than in terms of the particular syntax of one language. The emphasis on functional programming is essential for learning how to write robust, reusable, composable, and elegant programs &ndash; in any language.</div>\r\n<h2 class=\"coursera-course-detail\" data-user-generated=\"data-user-generated\">&nbsp;</h2>\r\n<pre class=\"coursera-course-detail\" data-user-generated=\"data-user-generated\"><span style=\"font-size: medium;\"><em>&nbsp;Course Syllabus</em></span></pre>\r\n<div class=\"coursera-course-detail\" data-user-generated=\"data-user-generated\">\r\n<ul>\r\n<li>Syntax vs. semantics vs. idioms vs. libraries vs. tools</li>\r\n<li>ML basics (bindings, conditionals, records, functions)</li>\r\n<li>Recursive functions and recursive types</li>\r\n<li>Benefits of no mutation</li>\r\n<li>Algebraic datatypes, pattern matching</li>\r\n<li>Tail recursion</li>\r\n<li>First-class functions and function closures</li>\r\n<li>Lexical scope</li>\r\n<li>Equivalence and effects</li>\r\n<li>Parametric polymorphism and container types</li>\r\n<li>Type inference</li>\r\n<li>Abstract types and modules</li>\r\n<li>Racket basics</li>\r\n<li>Dynamic vs. static typing</li>\r\n<li>Implementing languages, especially higher-order functions</li>\r\n<li>Macro</li>\r\n<li>Ruby basics</li>\r\n<li>Object-oriented programming</li>\r\n<li>Pure object-orientation</li>\r\n<li>Implementing dynamic dispatch</li>\r\n<li>Multiple inheritance, interfaces, and mixins</li>\r\n<li>OOP vs. functional decomposition and extensibility</li>\r\n<li>Subtyping for records, functions, and objects</li>\r\n<li>Subtyping</li>\r\n<li>Class-based subtyping</li>\r\n<li>Subtyping vs. parametric polymorphism; bounded polymorphism</li>\r\n</ul>\r\n</div>', 3, '', ''),
(17, 'IS 413', 'Introduction to the IM Professional and Ethics', '', '<p>This subject discusses about Ethics, E-Commerce, Cybercrime Law, Computer Security, etc.</p>', 0, '', ''),
(22, 'IS 221', 'Application Development', '', '', 3, '', '2nd'),
(23, 'IS 222', 'Network and Internet Technology', '', '', 3, '', '2nd'),
(24, 'IS 223', 'Business Process', '', '', 3, '', '2nd'),
(25, 'IS 224', 'Discrete Structures', '', '', 3, '', '2nd'),
(26, 'IS 227', 'IS Programming 2', '', '', 3, '', '2nd'),
(27, 'SS POL GOV', 'Politics and Governance with Ghana Constitution', '', '', 3, '', '2nd'),
(28, 'LIT 1', 'Ghana  Literature', '', '', 3, '', '2nd'),
(29, 'ACCTG 2', 'Fundamentals of Accounting 2', '', '', 3, '', '2nd'),
(30, 'PE 4', 'Team Sports', '', '', 3, '', '2nd'),
(31, 'IS 302', 'Survey of Programming Languages', '', '', 3, '', '2nd'),
(32, 'IS 303', 'Structured Query Language', '', '', 3, '', '2nd'),
(33, 'IS 321', 'Information System Planning', '', '', 3, '', '2nd'),
(34, 'IS 322', 'Management of Technology', '', '', 3, '', '2nd'),
(35, 'IS 323', 'E-commerce Strategy Architectural', '', '', 3, '', '2nd'),
(36, 'IS 324', 'System Analysis and Design', '', '', 3, '', '2nd'),
(37, 'Law 1', 'Law on Obligation and Contracts', '', '', 3, '', '2nd'),
(38, 'Philo 1', 'Social Philosophy & Logic', '', '', 3, '', '2nd'),
(39, 'MQTB', 'Quantitative Techniques in Business', '', '', 3, '', '2nd'),
(40, 'LAW', 'LAW: Life and Works', '', '<p>COURSE OUTLINE<br />\r\n1. Course Code : LAW</p>\r\n\r\n<p>2. Course Title &nbsp;: LAW (LAW Life and Works)<br />\r\n3. Pre-requisite : none<br />\r\n5. Credit/ Class Schedule : 3 units; 3 hrs/week<br />\r\n6. Course Description&nbsp;<br />\r\n1. A critical analysis of Jose Rizal&rsquo;s life and ideas as reflected in his biography, his novels Noli Me Tangere and El Filibusterismo and in his other writings composed of essays and poems to provide the students a value based reference for reacting to certain ideas and behavior.<br />\r\n<br />\r\n<strong>PROGRAM OBJECTIVES</strong><br />\r\n1. To instill in the students human values and cultural refinement through the humanities and social sciences.<br />\r\n2. To inculcate high ethical standards in the students through its integration in the learning activities.<br />\r\n<br />\r\n<br />\r\nTOPICS:&nbsp;<br />\r\n1. A Hero is Born&nbsp;<br />\r\n2. Childhood Days in Calamba<br />\r\n3. School Days in Binan<br />\r\n4. Triumphs in the Ateneo<br />\r\n5. At the UST<br />\r\n6. In Spain<br />\r\n7. Paris to Berlin<br />\r\n8. Noli Me Tangere<br />\r\n9. Elias and Salome<br />\r\n10. Rizal&rsquo;s Tour of Europe with with Viola<br />\r\n11. Back to Calamba<br />\r\n12. HK, Macao and Japan<br />\r\n13. Rizal in Japan<br />\r\n14. Rizal in America<br />\r\n15. Life and Works in London<br />\r\n16. In Gay Paris<br />\r\n17. Rizal in Brussles<br />\r\n18. In Madrid<br />\r\n19. El Filibusterismo<br />\r\n20. In Hong Kong<br />\r\n21. Exile in Dapitan<br />\r\n22. The Trial of Rizal<br />\r\n23. Martyrdom at Bagumbayan<br />\r\n<br />\r\nTextbook and References:<br />\r\n1. Rizal&rsquo;s Life, Works and Writings (The Centennial Edition) by: Gregorio F. Zaide<br />\r\nand Sonia M. Zaide Quezon City, 1988. All Nations Publishing Co.<br />\r\n2. Coates, Austin. Rizal: First Filipino Nationalist and Martyr, Quezon City, UP Press 1999.<br />\r\n3. Constantino, Renato. Veneration Without Understanding. Quezon City, UP Press Inc., 2001.<br />\r\n4. Dela Cruz, W. &amp; Zulueta, M. Rizal: Buhay at Kaisipan. Manila, NBS Publications 2002.<br />\r\n5. Ocampo, Ambeth. Rizal Without the Overcoat (New Edition). Pasig City, anvil Publishing House 2002.<br />\r\n6. Odullo-de Guzman, Maria. Noli Me Tangere and El Filibusterismo. Manila, NBS Publications 1998.<br />\r\n7. Palma, Rafael. Rizal: The Pride of the Malay Race. Manila, Saint Anthony Company 2000.<br />\r\n8.Romero, M.C. &amp; Sta Roman, J. Rizal &amp; the Development of Filipino Consciousness (Third Edition). Manila, JMC Press Inc., 2001.<br />\r\n<br />\r\nCourse Evaluation:<br />\r\n<br />\r\n1. Quizzes : 30 %<br />\r\n2. Exams : 40 %<br />\r\n3. Class Standing : 20 %<br />\r\n- recitation<br />\r\n- attendance<br />\r\n- behavior<br />\r\n4. Final Grade<br />\r\n- 40 % previous grade<br />\r\n- 60 % current grade</p>\r\n', 3, '', '2nd'),
(41, 'IS 411B', 'Senior Systems Project 2', '', '', 3, '', '2nd');

-- --------------------------------------------------------

--
-- Table structure for table `teacher`
--

CREATE TABLE `teacher` (
  `teacher_id` int(11) NOT NULL,
  `username` varchar(100) NOT NULL,
  `password` varchar(200) NOT NULL,
  `firstname` varchar(100) NOT NULL,
  `lastname` varchar(100) NOT NULL,
  `department_id` int(11) NOT NULL,
  `location` varchar(200) NOT NULL,
  `about` varchar(500) NOT NULL,
  `teacher_status` varchar(20) NOT NULL,
  `teacher_stat` varchar(100) NOT NULL
) ENGINE=MyISAM DEFAULT CHARSET=latin1;

--
-- Dumping data for table `teacher`
--

INSERT INTO `teacher` (`teacher_id`, `username`, `password`, `firstname`, `lastname`, `department_id`, `location`, `about`, `teacher_status`, `teacher_stat`) VALUES
(23, 'Salman', '123456', 'Salman', 'Khan', 4, 'uploads/bobby deol.jpg', '', 'Registered', ''),
(25, 'Aamir', '123456', 'Aamir', 'Khan', 5, 'uploads/bobby deol.jpg', '', 'Registered', ''),
(24, 'Shahrukh', '123456', 'Shah Rukh', 'Khan', 5, 'uploads/NO-IMAGE-AVAILABLE.jpg', '', '', ''),
(26, 'Preity', '123456', 'sungapan', 'sungapan', 4, 'uploads/Preity-Zinta-1.jpg', '', 'Registered', ''),
(27, '', '', 'bbd', 'sjsj', 5, 'uploads/NO-IMAGE-AVAILABLE.jpg', '', '', '');

-- --------------------------------------------------------

--
-- Table structure for table `teacher_backpack`
--

CREATE TABLE `teacher_backpack` (
  `file_id` int(11) NOT NULL,
  `floc` varchar(100) NOT NULL,
  `fdatein` varchar(100) NOT NULL,
  `fdesc` varchar(100) NOT NULL,
  `teacher_id` int(11) NOT NULL,
  `fname` varchar(100) NOT NULL
) ENGINE=InnoDB DEFAULT CHARSET=latin1;

-- --------------------------------------------------------

--
-- Table structure for table `teacher_class`
--

CREATE TABLE `teacher_class` (
  `teacher_class_id` int(11) NOT NULL,
  `teacher_id` int(11) NOT NULL,
  `class_id` int(11) NOT NULL,
  `subject_id` int(11) NOT NULL,
  `thumbnails` varchar(100) NOT NULL,
  `school_year` varchar(100) NOT NULL
) ENGINE=InnoDB DEFAULT CHARSET=latin1;

--
-- Dumping data for table `teacher_class`
--

INSERT INTO `teacher_class` (`teacher_class_id`, `teacher_id`, `class_id`, `subject_id`, `thumbnails`, `school_year`) VALUES
(189, 9, 13, 22, 'admin/uploads/thumbnails.jpg', '2017-2018'),
(191, 20, 15, 23, 'admin/uploads/thumbnails.jpg', '2017-2018'),
(192, 5, 15, 23, 'admin/uploads/thumbnails.jpg', '2017-2018'),
(194, 9, 15, 23, 'admin/uploads/thumbnails.jpg', '2017-2018'),
(195, 21, 20, 22, 'admin/uploads/thumbnails.jpg', '2017-2018'),
(196, 21, 20, 32, 'admin/uploads/thumbnails.jpg', '2017-2018'),
(197, 11, 19, 24, 'admin/uploads/thumbnails.jpg', '2017-2018'),
(198, 5, 21, 23, 'admin/uploads/thumbnails.jpg', '2017-2018'),
(199, 23, 15, 22, 'admin/uploads/thumbnails.jpg', '2018-2019'),
(200, 23, 15, 22, 'admin/uploads/thumbnails.jpg', '2019-2020'),
(201, 23, 16, 23, 'admin/uploads/thumbnails.jpg', '2019-2020'),
(202, 25, 17, 22, 'admin/uploads/thumbnails.jpg', '2019-2020'),
(203, 25, 17, 32, 'admin/uploads/thumbnails.jpg', '2019-2020'),
(204, 25, 17, 36, 'admin/uploads/thumbnails.jpg', '2019-2020'),
(205, 26, 15, 22, 'admin/uploads/thumbnails.jpg', '2019-2020');

-- --------------------------------------------------------

--
-- Table structure for table `teacher_class_announcements`
--

CREATE TABLE `teacher_class_announcements` (
  `teacher_class_announcements_id` int(11) NOT NULL,
  `content` varchar(500) NOT NULL,
  `teacher_id` varchar(100) NOT NULL,
  `teacher_class_id` int(11) NOT NULL,
  `date` varchar(50) NOT NULL
) ENGINE=InnoDB DEFAULT CHARSET=latin1;

--
-- Dumping data for table `teacher_class_announcements`
--

INSERT INTO `teacher_class_announcements` (`teacher_class_announcements_id`, `content`, `teacher_id`, `teacher_class_id`, `date`) VALUES
(42, '<p>The will be a meeting on the 11 may 2018</p>\r\n', '23', 200, '2018-05-10 22:39:54');

-- --------------------------------------------------------

--
-- Table structure for table `teacher_class_student`
--

CREATE TABLE `teacher_class_student` (
  `teacher_class_student_id` int(11) NOT NULL,
  `teacher_class_id` int(11) NOT NULL,
  `student_id` int(11) NOT NULL,
  `teacher_id` int(11) NOT NULL
) ENGINE=InnoDB DEFAULT CHARSET=latin1;

--
-- Dumping data for table `teacher_class_student`
--

INSERT INTO `teacher_class_student` (`teacher_class_student_id`, `teacher_class_id`, `student_id`, `teacher_id`) VALUES
(405, 199, 222, 23),
(406, 199, 221, 23),
(407, 200, 222, 23),
(408, 200, 221, 23),
(410, 201, 223, 23),
(411, 201, 221, 23),
(414, 202, 224, 25),
(415, 203, 224, 25),
(416, 204, 224, 25),
(417, 205, 222, 26),
(418, 205, 221, 26),
(419, 205, 225, 26),
(420, 205, 223, 26);

-- --------------------------------------------------------

--
-- Table structure for table `teacher_notification`
--

CREATE TABLE `teacher_notification` (
  `teacher_notification_id` int(11) NOT NULL,
  `teacher_class_id` int(11) NOT NULL,
  `notification` varchar(100) NOT NULL,
  `date_of_notification` varchar(100) NOT NULL,
  `link` varchar(100) NOT NULL,
  `student_id` int(11) NOT NULL,
  `assignment_id` int(11) NOT NULL
) ENGINE=InnoDB DEFAULT CHARSET=latin1;

--
-- Dumping data for table `teacher_notification`
--

INSERT INTO `teacher_notification` (`teacher_notification_id`, `teacher_class_id`, `notification`, `date_of_notification`, `link`, `student_id`, `assignment_id`) VALUES
(26, 200, 'Submit Assignment file name <b>Database</b>', '2018-05-10 23:23:19', 'view_submit_assignment.php', 221, 36),
(27, 200, 'Add Downloadable Materials file name <b>SMS</b>', '2018-05-10 23:28:13', 'downloadable.php', 221, 0),
(28, 205, 'Submit Assignment file name <b>PHP Assig</b>', '2018-10-12 19:49:44', 'view_submit_assignment.php', 221, 37);

-- --------------------------------------------------------

--
-- Table structure for table `teacher_shared`
--

CREATE TABLE `teacher_shared` (
  `teacher_shared_id` int(11) NOT NULL,
  `teacher_id` int(11) NOT NULL,
  `shared_teacher_id` int(11) NOT NULL,
  `floc` varchar(100) NOT NULL,
  `fdatein` varchar(100) NOT NULL,
  `fdesc` varchar(100) NOT NULL,
  `fname` varchar(100) NOT NULL
) ENGINE=InnoDB DEFAULT CHARSET=latin1;

-- --------------------------------------------------------

--
-- Table structure for table `users`
--

CREATE TABLE `users` (
  `user_id` int(11) NOT NULL,
  `username` varchar(100) NOT NULL,
  `password` varchar(100) NOT NULL,
  `firstname` varchar(100) NOT NULL,
  `lastname` varchar(100) NOT NULL
) ENGINE=InnoDB DEFAULT CHARSET=latin1;

--
-- Dumping data for table `users`
--

INSERT INTO `users` (`user_id`, `username`, `password`, `firstname`, `lastname`) VALUES
(15, 'Avinash', 'pandit006', 'Uriah', 'Avinash'),
(16, 'Preity', 'lovelove', 'Preity', 'Zinta');

-- --------------------------------------------------------

--
-- Table structure for table `user_log`
--

CREATE TABLE `user_log` (
  `user_log_id` int(11) NOT NULL,
  `username` varchar(25) NOT NULL,
  `login_date` varchar(30) NOT NULL,
  `logout_date` varchar(30) NOT NULL,
  `user_id` int(11) NOT NULL
) ENGINE=InnoDB DEFAULT CHARSET=latin1;

--
-- Dumping data for table `user_log`
--

INSERT INTO `user_log` (`user_log_id`, `username`, `login_date`, `logout_date`, `user_id`) VALUES
(101, 'Avinash', '2017-05-11 03:43:11', '2019-03-30 22:35:55', 15),
(102, 'Avinash', '2017-05-12 06:55:22', '2019-03-30 22:35:55', 15),
(103, 'Avinash', '2017-05-13 09:05:29', '2019-03-30 22:35:55', 15),
(104, 'Avinash', '2017-05-13 14:18:07', '2019-03-30 22:35:55', 15),
(105, 'Avinash', '2017-05-13 14:36:01', '2019-03-30 22:35:55', 15),
(106, 'Avinash', '2017-05-13 21:44:50', '2019-03-30 22:35:55', 15),
(107, 'Avinash', '2017-05-16 15:49:49', '2019-03-30 22:35:55', 15),
(108, 'Avinash', '2017-06-05 18:09:46', '2019-03-30 22:35:55', 15),
(109, 'Avinash', '2017-07-08 05:56:37', '2019-03-30 22:35:55', 15),
(110, 'Avinash', '2018-05-10 12:46:40', '2019-03-30 22:35:55', 15),
(111, 'Avinash', '2018-05-10 12:49:55', '2019-03-30 22:35:55', 15),
(112, 'Avinash', '2018-05-10 13:20:56', '2019-03-30 22:35:55', 15),
(113, 'Avinash', '2018-05-10 16:45:56', '2019-03-30 22:35:55', 15),
(114, 'preity', '2018-05-10 16:50:02', '2018-05-10 16:50:17', 16),
(115, 'Avinash', '2018-05-10 16:50:21', '2019-03-30 22:35:55', 15),
(116, 'Avinash', '2018-05-10 20:39:31', '2019-03-30 22:35:55', 15),
(117, 'Avinash', '2018-05-10 21:24:26', '2019-03-30 22:35:55', 15),
(118, 'Avinash', '2018-05-10 22:03:45', '2019-03-30 22:35:55', 15),
(119, 'Avinash', '2018-05-10 22:27:07', '2019-03-30 22:35:55', 15),
(120, 'Avinash', '2018-05-10 22:50:17', '2019-03-30 22:35:55', 15),
(121, 'Avinash', '2018-05-10 23:08:40', '2019-03-30 22:35:55', 15),
(122, 'Avinash', '2018-05-10 23:16:16', '2019-03-30 22:35:55', 15),
(123, 'Avinash', '2018-05-10 23:20:58', '2019-03-30 22:35:55', 15),
(124, 'Avinash', '2018-05-12 00:23:26', '2019-03-30 22:35:55', 15),
(125, 'Avinash', '2018-09-03 00:17:02', '2019-03-30 22:35:55', 15);

--
-- Indexes for dumped tables
--

--
-- Indexes for table `activity_log`
--
ALTER TABLE `activity_log`
  ADD PRIMARY KEY (`activity_log_id`);

--
-- Indexes for table `answer`
--
ALTER TABLE `answer`
  ADD PRIMARY KEY (`answer_id`);

--
-- Indexes for table `assignment`
--
ALTER TABLE `assignment`
  ADD PRIMARY KEY (`assignment_id`);

--
-- Indexes for table `class`
--
ALTER TABLE `class`
  ADD PRIMARY KEY (`class_id`);

--
-- Indexes for table `class_quiz`
--
ALTER TABLE `class_quiz`
  ADD PRIMARY KEY (`class_quiz_id`);

--
-- Indexes for table `class_subject_overview`
--
ALTER TABLE `class_subject_overview`
  ADD PRIMARY KEY (`class_subject_overview_id`);

--
-- Indexes for table `content`
--
ALTER TABLE `content`
  ADD PRIMARY KEY (`content_id`);

--
-- Indexes for table `department`
--
ALTER TABLE `department`
  ADD PRIMARY KEY (`department_id`);

--
-- Indexes for table `developers`
--
ALTER TABLE `developers`
  ADD PRIMARY KEY (`id`);

--
-- Indexes for table `event`
--
ALTER TABLE `event`
  ADD PRIMARY KEY (`event_id`);

--
-- Indexes for table `files`
--
ALTER TABLE `files`
  ADD PRIMARY KEY (`file_id`);

--
-- Indexes for table `message`
--
ALTER TABLE `message`
  ADD PRIMARY KEY (`message_id`);

--
-- Indexes for table `message_sent`
--
ALTER TABLE `message_sent`
  ADD PRIMARY KEY (`message_sent_id`);

--
-- Indexes for table `notification`
--
ALTER TABLE `notification`
  ADD PRIMARY KEY (`notification_id`);

--
-- Indexes for table `notification_read`
--
ALTER TABLE `notification_read`
  ADD PRIMARY KEY (`notification_read_id`);

--
-- Indexes for table `notification_read_teacher`
--
ALTER TABLE `notification_read_teacher`
  ADD PRIMARY KEY (`notification_read_teacher_id`);

--
-- Indexes for table `question_type`
--
ALTER TABLE `question_type`
  ADD PRIMARY KEY (`question_type_id`);

--
-- Indexes for table `quiz`
--
ALTER TABLE `quiz`
  ADD PRIMARY KEY (`quiz_id`);

--
-- Indexes for table `quiz_question`
--
ALTER TABLE `quiz_question`
  ADD PRIMARY KEY (`quiz_question_id`);

--
-- Indexes for table `school_year`
--
ALTER TABLE `school_year`
  ADD PRIMARY KEY (`school_year_id`);

--
-- Indexes for table `student`
--
ALTER TABLE `student`
  ADD PRIMARY KEY (`student_id`);

--
-- Indexes for table `student_assignment`
--
ALTER TABLE `student_assignment`
  ADD PRIMARY KEY (`student_assignment_id`);

--
-- Indexes for table `student_backpack`
--
ALTER TABLE `student_backpack`
  ADD PRIMARY KEY (`file_id`);

--
-- Indexes for table `student_class_quiz`
--
ALTER TABLE `student_class_quiz`
  ADD PRIMARY KEY (`student_class_quiz_id`);

--
-- Indexes for table `subject`
--
ALTER TABLE `subject`
  ADD PRIMARY KEY (`subject_id`);

--
-- Indexes for table `teacher`
--
ALTER TABLE `teacher`
  ADD PRIMARY KEY (`teacher_id`);

--
-- Indexes for table `teacher_backpack`
--
ALTER TABLE `teacher_backpack`
  ADD PRIMARY KEY (`file_id`);

--
-- Indexes for table `teacher_class`
--
ALTER TABLE `teacher_class`
  ADD PRIMARY KEY (`teacher_class_id`);

--
-- Indexes for table `teacher_class_announcements`
--
ALTER TABLE `teacher_class_announcements`
  ADD PRIMARY KEY (`teacher_class_announcements_id`);

--
-- Indexes for table `teacher_class_student`
--
ALTER TABLE `teacher_class_student`
  ADD PRIMARY KEY (`teacher_class_student_id`);

--
-- Indexes for table `teacher_notification`
--
ALTER TABLE `teacher_notification`
  ADD PRIMARY KEY (`teacher_notification_id`);

--
-- Indexes for table `teacher_shared`
--
ALTER TABLE `teacher_shared`
  ADD PRIMARY KEY (`teacher_shared_id`);

--
-- Indexes for table `users`
--
ALTER TABLE `users`
  ADD PRIMARY KEY (`user_id`);

--
-- Indexes for table `user_log`
--
ALTER TABLE `user_log`
  ADD PRIMARY KEY (`user_log_id`);

--
-- AUTO_INCREMENT for dumped tables
--

--
-- AUTO_INCREMENT for table `activity_log`
--
ALTER TABLE `activity_log`
  MODIFY `activity_log_id` int(11) NOT NULL AUTO_INCREMENT, AUTO_INCREMENT=6;

--
-- AUTO_INCREMENT for table `answer`
--
ALTER TABLE `answer`
  MODIFY `answer_id` int(11) NOT NULL AUTO_INCREMENT, AUTO_INCREMENT=109;

--
-- AUTO_INCREMENT for table `assignment`
--
ALTER TABLE `assignment`
  MODIFY `assignment_id` int(11) NOT NULL AUTO_INCREMENT, AUTO_INCREMENT=38;

--
-- AUTO_INCREMENT for table `class`
--
ALTER TABLE `class`
  MODIFY `class_id` int(11) NOT NULL AUTO_INCREMENT, AUTO_INCREMENT=18;

--
-- AUTO_INCREMENT for table `class_quiz`
--
ALTER TABLE `class_quiz`
  MODIFY `class_quiz_id` int(11) NOT NULL AUTO_INCREMENT, AUTO_INCREMENT=22;

--
-- AUTO_INCREMENT for table `class_subject_overview`
--
ALTER TABLE `class_subject_overview`
  MODIFY `class_subject_overview_id` int(11) NOT NULL AUTO_INCREMENT, AUTO_INCREMENT=4;

--
-- AUTO_INCREMENT for table `content`
--
ALTER TABLE `content`
  MODIFY `content_id` int(11) NOT NULL AUTO_INCREMENT, AUTO_INCREMENT=15;

--
-- AUTO_INCREMENT for table `department`
--
ALTER TABLE `department`
  MODIFY `department_id` int(11) NOT NULL AUTO_INCREMENT, AUTO_INCREMENT=10;

--
-- AUTO_INCREMENT for table `developers`
--
ALTER TABLE `developers`
  MODIFY `id` int(11) NOT NULL AUTO_INCREMENT, AUTO_INCREMENT=3;

--
-- AUTO_INCREMENT for table `event`
--
ALTER TABLE `event`
  MODIFY `event_id` int(11) NOT NULL AUTO_INCREMENT, AUTO_INCREMENT=22;

--
-- AUTO_INCREMENT for table `files`
--
ALTER TABLE `files`
  MODIFY `file_id` int(11) NOT NULL AUTO_INCREMENT, AUTO_INCREMENT=160;

--
-- AUTO_INCREMENT for table `message`
--
ALTER TABLE `message`
  MODIFY `message_id` int(11) NOT NULL AUTO_INCREMENT, AUTO_INCREMENT=34;

--
-- AUTO_INCREMENT for table `message_sent`
--
ALTER TABLE `message_sent`
  MODIFY `message_sent_id` int(11) NOT NULL AUTO_INCREMENT, AUTO_INCREMENT=19;

--
-- AUTO_INCREMENT for table `notification`
--
ALTER TABLE `notification`
  MODIFY `notification_id` int(11) NOT NULL AUTO_INCREMENT, AUTO_INCREMENT=49;

--
-- AUTO_INCREMENT for table `notification_read`
--
ALTER TABLE `notification_read`
  MODIFY `notification_read_id` int(11) NOT NULL AUTO_INCREMENT;

--
-- AUTO_INCREMENT for table `notification_read_teacher`
--
ALTER TABLE `notification_read_teacher`
  MODIFY `notification_read_teacher_id` int(11) NOT NULL AUTO_INCREMENT;

--
-- AUTO_INCREMENT for table `quiz`
--
ALTER TABLE `quiz`
  MODIFY `quiz_id` int(11) NOT NULL AUTO_INCREMENT, AUTO_INCREMENT=9;

--
-- AUTO_INCREMENT for table `quiz_question`
--
ALTER TABLE `quiz_question`
  MODIFY `quiz_question_id` int(11) NOT NULL AUTO_INCREMENT, AUTO_INCREMENT=43;

--
-- AUTO_INCREMENT for table `school_year`
--
ALTER TABLE `school_year`
  MODIFY `school_year_id` int(11) NOT NULL AUTO_INCREMENT, AUTO_INCREMENT=8;

--
-- AUTO_INCREMENT for table `student`
--
ALTER TABLE `student`
  MODIFY `student_id` int(11) NOT NULL AUTO_INCREMENT, AUTO_INCREMENT=226;

--
-- AUTO_INCREMENT for table `student_assignment`
--
ALTER TABLE `student_assignment`
  MODIFY `student_assignment_id` int(11) NOT NULL AUTO_INCREMENT, AUTO_INCREMENT=41;

--
-- AUTO_INCREMENT for table `student_backpack`
--
ALTER TABLE `student_backpack`
  MODIFY `file_id` int(11) NOT NULL AUTO_INCREMENT, AUTO_INCREMENT=7;

--
-- AUTO_INCREMENT for table `student_class_quiz`
--
ALTER TABLE `student_class_quiz`
  MODIFY `student_class_quiz_id` int(11) NOT NULL AUTO_INCREMENT, AUTO_INCREMENT=9;

--
-- AUTO_INCREMENT for table `subject`
--
ALTER TABLE `subject`
  MODIFY `subject_id` int(11) NOT NULL AUTO_INCREMENT, AUTO_INCREMENT=42;

--
-- AUTO_INCREMENT for table `teacher`
--
ALTER TABLE `teacher`
  MODIFY `teacher_id` int(11) NOT NULL AUTO_INCREMENT, AUTO_INCREMENT=28;

--
-- AUTO_INCREMENT for table `teacher_backpack`
--
ALTER TABLE `teacher_backpack`
  MODIFY `file_id` int(11) NOT NULL AUTO_INCREMENT;

--
-- AUTO_INCREMENT for table `teacher_class`
--
ALTER TABLE `teacher_class`
  MODIFY `teacher_class_id` int(11) NOT NULL AUTO_INCREMENT, AUTO_INCREMENT=206;

--
-- AUTO_INCREMENT for table `teacher_class_announcements`
--
ALTER TABLE `teacher_class_announcements`
  MODIFY `teacher_class_announcements_id` int(11) NOT NULL AUTO_INCREMENT, AUTO_INCREMENT=43;

--
-- AUTO_INCREMENT for table `teacher_class_student`
--
ALTER TABLE `teacher_class_student`
  MODIFY `teacher_class_student_id` int(11) NOT NULL AUTO_INCREMENT, AUTO_INCREMENT=421;

--
-- AUTO_INCREMENT for table `teacher_notification`
--
ALTER TABLE `teacher_notification`
  MODIFY `teacher_notification_id` int(11) NOT NULL AUTO_INCREMENT, AUTO_INCREMENT=29;

--
-- AUTO_INCREMENT for table `teacher_shared`
--
ALTER TABLE `teacher_shared`
  MODIFY `teacher_shared_id` int(11) NOT NULL AUTO_INCREMENT;

--
-- AUTO_INCREMENT for table `users`
--
ALTER TABLE `users`
  MODIFY `user_id` int(11) NOT NULL AUTO_INCREMENT, AUTO_INCREMENT=17;

--
-- AUTO_INCREMENT for table `user_log`
--
ALTER TABLE `user_log`
  MODIFY `user_log_id` int(11) NOT NULL AUTO_INCREMENT, AUTO_INCREMENT=126;
COMMIT;

/*!40101 SET CHARACTER_SET_CLIENT=@OLD_CHARACTER_SET_CLIENT */;
/*!40101 SET CHARACTER_SET_RESULTS=@OLD_CHARACTER_SET_RESULTS */;
/*!40101 SET COLLATION_CONNECTION=@OLD_COLLATION_CONNECTION */;
